Category,avg,max,min
Kiddie Rides,,,
,3841.909091,4062,3597
Rides for Everyone,,,
,6998.25,25074,4935
Thrill Rides,,,
,18306.55556,27747,14415
